Country Name,Country Code,Indicator Name,Indicator Code,1960,1961,1962,1963,1964,1965,1966,1967,1968,1969,1970,1971,1972,1973,1974,1975,1976,1977,1978,1979,1980,1981,1982,1983,1984,1985,1986,1987,1988,1989,1990,1991,1992,1993,1994,1995,1996,1997,1998,1999,2000,2001,2002,2003,2004,2005,2006,2007,2008,2009,2010,2011,2012,2013,2014,2015,2016,2017,2018,2019,2020,2021,2022,2023
Aruba,ABW,Rural land area where elevation is below 5 meters (% of total land area),AG.LND.EL5M.RU.ZS,,,,,,,,,,,,,,,,,,,,,,,,,,,,,,,7.004679571,,,,,,,,,,6.534745075,,,,,,,,,,,,,,,6.251517505,,,,,,,,
Africa Eastern and Southern,AFE,Rural land area where elevation is below 5 meters (% of total land area),AG.LND.EL5M.RU.ZS,,,,,,,,,,,,,,,,,,,,,,,,,,,,,,,0.245478118,,,,,,,,,,0.253737314,,,,,,,,,,,,,,,0.246842402,,,,,,,,
Afghanistan,AFG,Rural land area where elevation is below 5 meters (% of total land area),AG.LND.EL5M.RU.ZS,,,,,,,,,,,,,,,,,,,,,,,,,,,,,,,0,,,,,,,,,,0,,,,,,,,,,,,,,,0,,,,,,,,
Africa Western and Central,AFW,Rural land area where elevation is below 5 meters (% of total land area),AG.LND.EL5M.RU.ZS,,,,,,,,,,,,,,,,,,,,,,,,,,,,,,,0.705316502,,,,,,,,,,0.702008863,,,,,,,,,,,,,,,0.696005049,,,,,,,,
Angola,AGO,Rural land area where elevation is below 5 meters (% of total land area),AG.LND.EL5M.RU.ZS,,,,,,,,,,,,,,,,,,,,,,,,,,,,,,,0.158662117,,,,,,,,,,0.157532076,,,,,,,,,,,,,,,0.153367802,,,,,,,,
Albania,ALB,Rural land area where elevation is below 5 meters (% of total land area),AG.LND.EL5M.RU.ZS,,,,,,,,,,,,,,,,,,,,,,,,,,,,,,,3.570975888,,,,,,,,,,3.542365671,,,,,,,,,,,,,,,3.520465685,,,,,,,,
Andorra,AND,Rural land area where elevation is below 5 meters (% of total land area),AG.LND.EL5M.RU.ZS,,,,,,,,,,,,,,,,,,,,,,,,,,,,,,,0,,,,,,,,,,0,,,,,,,,,,,,,,,0,,,,,,,,
Arab World,ARB,Rural land area where elevation is below 5 meters (% of total land area),AG.LND.EL5M.RU.ZS,,,,,,,,,,,,,,,,,,,,,,,,,,,,,,,0.501240963,,,,,,,,,,0.494005771,,,,,,,,,,,,,,,0.499317759,,,,,,,,
United Arab Emirates,ARE,Rural land area where elevation is below 5 meters (% of total land area),AG.LND.EL5M.RU.ZS,,,,,,,,,,,,,,,,,,,,,,,,,,,,,,,3.653734862,,,,,,,,,,3.593457968,,,,,,,,,,,,,,,3.428913744,,,,,,,,
Argentina,ARG,Rural land area where elevation is below 5 meters (% of total land area),AG.LND.EL5M.RU.ZS,,,,,,,,,,,,,,,,,,,,,,,,,,,,,,,0.615986133,,,,,,,,,,0.613603374,,,,,,,,,,,,,,,0.612340143,,,,,,,,
Armenia,ARM,Rural land area where elevation is below 5 meters (% of total land area),AG.LND.EL5M.RU.ZS,,,,,,,,,,,,,,,,,,,,,,,,,,,,,,,0,,,,,,,,,,0,,,,,,,,,,,,,,,0,,,,,,,,
American Samoa,ASM,Rural land area where elevation is below 5 meters (% of total land area),AG.LND.EL5M.RU.ZS,,,,,,,,,,,,,,,,,,,,,,,,,,,,,,,17.71291791,,,,,,,,,,17.71291791,,,,,,,,,,,,,,,17.38584586,,,,,,,,
Antigua and Barbuda,ATG,Rural land area where elevation is below 5 meters (% of total land area),AG.LND.EL5M.RU.ZS,,,,,,,,,,,,,,,,,,,,,,,,,,,,,,,16.62283442,,,,,,,,,,16.56605162,,,,,,,,,,,,,,,16.45423803,,,,,,,,
Australia,AUS,Rural land area where elevation is below 5 meters (% of total land area),AG.LND.EL5M.RU.ZS,,,,,,,,,,,,,,,,,,,,,,,,,,,,,,,0.722572058,,,,,,,,,,0.721830974,,,,,,,,,,,,,,,0.72079744,,,,,,,,
Austria,AUT,Rural land area where elevation is below 5 meters (% of total land area),AG.LND.EL5M.RU.ZS,,,,,,,,,,,,,,,,,,,,,,,,,,,,,,,0,,,,,,,,,,0,,,,,,,,,,,,,,,0,,,,,,,,
Azerbaijan,AZE,Rural land area where elevation is below 5 meters (% of total land area),AG.LND.EL5M.RU.ZS,,,,,,,,,,,,,,,,,,,,,,,,,,,,,,,0,,,,,,,,,,0,,,,,,,,,,,,,,,0,,,,,,,,
Burundi,BDI,Rural land area where elevation is below 5 meters (% of total land area),AG.LND.EL5M.RU.ZS,,,,,,,,,,,,,,,,,,,,,,,,,,,,,,,0,,,,,,,,,,0,,,,,,,,,,,,,,,0,,,,,,,,
Belgium,BEL,Rural land area where elevation is below 5 meters (% of total land area),AG.LND.EL5M.RU.ZS,,,,,,,,,,,,,,,,,,,,,,,,,,,,,,,3.937601229,,,,,,,,,,3.85032497,,,,,,,,,,,,,,,3.68909962,,,,,,,,
Benin,BEN,Rural land area where elevation is below 5 meters (% of total land area),AG.LND.EL5M.RU.ZS,,,,,,,,,,,,,,,,,,,,,,,,,,,,,,,1.023127529,,,,,,,,,,0.982811518,,,,,,,,,,,,,,,0.924860201,,,,,,,,
Burkina Faso,BFA,Rural land area where elevation is below 5 meters (% of total land area),AG.LND.EL5M.RU.ZS,,,,,,,,,,,,,,,,,,,,,,,,,,,,,,,0,,,,,,,,,,0,,,,,,,,,,,,,,,0,,,,,,,,
Bangladesh,BGD,Rural land area where elevation is below 5 meters (% of total land area),AG.LND.EL5M.RU.ZS,,,,,,,,,,,,,,,,,,,,,,,,,,,,,,,11.63234713,,,,,,,,,,11.14920381,,,,,,,,,,,,,,,10.71238737,,,,,,,,
Bulgaria,BGR,Rural land area where elevation is below 5 meters (% of total land area),AG.LND.EL5M.RU.ZS,,,,,,,,,,,,,,,,,,,,,,,,,,,,,,,0.105481947,,,,,,,,,,0.107319748,,,,,,,,,,,,,,,0.104930889,,,,,,,,
Bahrain,BHR,Rural land area where elevation is below 5 meters (% of total land area),AG.LND.EL5M.RU.ZS,,,,,,,,,,,,,,,,,,,,,,,,,,,,,,,20.4818048,,,,,,,,,,19.23378158,,,,,,,,,,,,,,,17.58252736,,,,,,,,
"Bahamas, The",BHS,Rural land area where elevation is below 5 meters (% of total land area),AG.LND.EL5M.RU.ZS,,,,,,,,,,,,,,,,,,,,,,,,,,,,,,,69.61138083,,,,,,,,,,69.57487556,,,,,,,,,,,,,,,69.54122599,,,,,,,,
Bosnia and Herzegovina,BIH,Rural land area where elevation is below 5 meters (% of total land area),AG.LND.EL5M.RU.ZS,,,,,,,,,,,,,,,,,,,,,,,,,,,,,,,0.005720635,,,,,,,,,,0.005720635,,,,,,,,,,,,,,,0.005720635,,,,,,,,
Belarus,BLR,Rural land area where elevation is below 5 meters (% of total land area),AG.LND.EL5M.RU.ZS,,,,,,,,,,,,,,,,,,,,,,,,,,,,,,,0,,,,,,,,,,0,,,,,,,,,,,,,,,0,,,,,,,,
Belize,BLZ,Rural land area where elevation is below 5 meters (% of total land area),AG.LND.EL5M.RU.ZS,,,,,,,,,,,,,,,,,,,,,,,,,,,,,,,12.35190833,,,,,,,,,,12.29629695,,,,,,,,,,,,,,,12.26031437,,,,,,,,
Bermuda,BMU,Rural land area where elevation is below 5 meters (% of total land area),AG.LND.EL5M.RU.ZS,,,,,,,,,,,,,,,,,,,,,,,,,,,,,,,24.45723485,,,,,,,,,,23.64210718,,,,,,,,,,,,,,,18.02384269,,,,,,,,
Bolivia,BOL,Rural land area where elevation is below 5 meters (% of total land area),AG.LND.EL5M.RU.ZS,,,,,,,,,,,,,,,,,,,,,,,,,,,,,,,0,,,,,,,,,,0,,,,,,,,,,,,,,,0,,,,,,,,
Brazil,BRA,Rural land area where elevation is below 5 meters (% of total land area),AG.LND.EL5M.RU.ZS,,,,,,,,,,,,,,,,,,,,,,,,,,,,,,,0.841532224,,,,,,,,,,0.839316464,,,,,,,,,,,,,,,0.836919971,,,,,,,,
Barbados,BRB,Rural land area where elevation is below 5 meters (% of total land area),AG.LND.EL5M.RU.ZS,,,,,,,,,,,,,,,,,,,,,,,,,,,,,,,1.920525725,,,,,,,,,,1.850608627,,,,,,,,,,,,,,,1.816521906,,,,,,,,
Brunei Darussalam,BRN,Rural land area where elevation is below 5 meters (% of total land area),AG.LND.EL5M.RU.ZS,,,,,,,,,,,,,,,,,,,,,,,,,,,,,,,5.058132512,,,,,,,,,,4.993004462,,,,,,,,,,,,,,,4.911815797,,,,,,,,
Bhutan,BTN,Rural land area where elevation is below 5 meters (% of total land area),AG.LND.EL5M.RU.ZS,,,,,,,,,,,,,,,,,,,,,,,,,,,,,,,0,,,,,,,,,,0,,,,,,,,,,,,,,,0,,,,,,,,
Botswana,BWA,Rural land area where elevation is below 5 meters (% of total land area),AG.LND.EL5M.RU.ZS,,,,,,,,,,,,,,,,,,,,,,,,,,,,,,,0,,,,,,,,,,0,,,,,,,,,,,,,,,0,,,,,,,,
Central African Republic,CAF,Rural land area where elevation is below 5 meters (% of total land area),AG.LND.EL5M.RU.ZS,,,,,,,,,,,,,,,,,,,,,,,,,,,,,,,0,,,,,,,,,,0,,,,,,,,,,,,,,,0,,,,,,,,
Canada,CAN,Rural land area where elevation is below 5 meters (% of total land area),AG.LND.EL5M.RU.ZS,,,,,,,,,,,,,,,,,,,,,,,,,,,,,,,0.643994759,,,,,,,,,,0.643775794,,,,,,,,,,,,,,,0.643189143,,,,,,,,
Central Europe and the Baltics,CEB,Rural land area where elevation is below 5 meters (% of total land area),AG.LND.EL5M.RU.ZS,,,,,,,,,,,,,,,,,,,,,,,,,,,,,,,0.914042259,,,,,,,,,,0.913896155,,,,,,,,,,,,,,,0.91533516,,,,,,,,
Switzerland,CHE,Rural land area where elevation is below 5 meters (% of total land area),AG.LND.EL5M.RU.ZS,,,,,,,,,,,,,,,,,,,,,,,,,,,,,,,0,,,,,,,,,,0,,,,,,,,,,,,,,,0,,,,,,,,
Channel Islands,CHI,Rural land area where elevation is below 5 meters (% of total land area),AG.LND.EL5M.RU.ZS,,,,,,,,,,,,,,,,,,,,,,,,,,,,,,,,,,,,,,,,,,,,,,,,,,,,,,,,,,,,,,,,
Chile,CHL,Rural land area where elevation is below 5 meters (% of total land area),AG.LND.EL5M.RU.ZS,,,,,,,,,,,,,,,,,,,,,,,,,,,,,,,1.525367481,,,,,,,,,,1.523861062,,,,,,,,,,,,,,,1.522809615,,,,,,,,
China,CHN,Rural land area where elevation is below 5 meters (% of total land area),AG.LND.EL5M.RU.ZS,,,,,,,,,,,,,,,,,,,,,,,,,,,,,,,0.584527708,,,,,,,,,,0.525802265,,,,,,,,,,,,,,,0.461168345,,,,,,,,
Cote d'Ivoire,CIV,Rural land area where elevation is below 5 meters (% of total land area),AG.LND.EL5M.RU.ZS,,,,,,,,,,,,,,,,,,,,,,,,,,,,,,,0.484828146,,,,,,,,,,0.481596398,,,,,,,,,,,,,,,0.477697742,,,,,,,,
Cameroon,CMR,Rural land area where elevation is below 5 meters (% of total land area),AG.LND.EL5M.RU.ZS,,,,,,,,,,,,,,,,,,,,,,,,,,,,,,,0.456416549,,,,,,,,,,0.454355241,,,,,,,,,,,,,,,0.452640973,,,,,,,,
"Congo, Dem. Rep.",COD,Rural land area where elevation is below 5 meters (% of total land area),AG.LND.EL5M.RU.ZS,,,,,,,,,,,,,,,,,,,,,,,,,,,,,,,0.027304456,,,,,,,,,,0.02725094,,,,,,,,,,,,,,,0.02725763,,,,,,,,
"Congo, Rep.",COG,Rural land area where elevation is below 5 meters (% of total land area),AG.LND.EL5M.RU.ZS,,,,,,,,,,,,,,,,,,,,,,,,,,,,,,,0.2326549,,,,,,,,,,0.232466615,,,,,,,,,,,,,,,0.232153981,,,,,,,,
Colombia,COL,Rural land area where elevation is below 5 meters (% of total land area),AG.LND.EL5M.RU.ZS,,,,,,,,,,,,,,,,,,,,,,,,,,,,,,,1.125564579,,,,,,,,,,1.124592215,,,,,,,,,,,,,,,1.123441261,,,,,,,,
Comoros,COM,Rural land area where elevation is below 5 meters (% of total land area),AG.LND.EL5M.RU.ZS,,,,,,,,,,,,,,,,,,,,,,,,,,,,,,,3.698313922,,,,,,,,,,3.656984494,,,,,,,,,,,,,,,3.373195337,,,,,,,,
Cabo Verde,CPV,Rural land area where elevation is below 5 meters (% of total land area),AG.LND.EL5M.RU.ZS,,,,,,,,,,,,,,,,,,,,,,,,,,,,,,,5.329584729,,,,,,,,,,5.323876138,,,,,,,,,,,,,,,5.31020672,,,,,,,,
Costa Rica,CRI,Rural land area where elevation is below 5 meters (% of total land area),AG.LND.EL5M.RU.ZS,,,,,,,,,,,,,,,,,,,,,,,,,,,,,,,2.892830212,,,,,,,,,,2.887026033,,,,,,,,,,,,,,,2.873073752,,,,,,,,
Caribbean small states,CSS,Rural land area where elevation is below 5 meters (% of total land area),AG.LND.EL5M.RU.ZS,,,,,,,,,,,,,,,,,,,,,,,,,,,,,,,7.579106476,,,,,,,,,,7.557100216,,,,,,,,,,,,,,,7.534036284,,,,,,,,
Cuba,CUB,Rural land area where elevation is below 5 meters (% of total land area),AG.LND.EL5M.RU.ZS,,,,,,,,,,,,,,,,,,,,,,,,,,,,,,,14.85195395,,,,,,,,,,14.84671932,,,,,,,,,,,,,,,14.8410389,,,,,,,,
Curacao,CUW,Rural land area where elevation is below 5 meters (% of total land area),AG.LND.EL5M.RU.ZS,,,,,,,,,,,,,,,,,,,,,,,,,,,,,,,6.715161465,,,,,,,,,,6.610253453,,,,,,,,,,,,,,,6.414900912,,,,,,,,
Cayman Islands,CYM,Rural land area where elevation is below 5 meters (% of total land area),AG.LND.EL5M.RU.ZS,,,,,,,,,,,,,,,,,,,,,,,,,,,,,,,52.21599503,,,,,,,,,,51.45259223,,,,,,,,,,,,,,,49.38891314,,,,,,,,
Cyprus,CYP,Rural land area where elevation is below 5 meters (% of total land area),AG.LND.EL5M.RU.ZS,,,,,,,,,,,,,,,,,,,,,,,,,,,,,,,1.858707719,,,,,,,,,,1.834451467,,,,,,,,,,,,,,,1.799449901,,,,,,,,
Czechia,CZE,Rural land area where elevation is below 5 meters (% of total land area),AG.LND.EL5M.RU.ZS,,,,,,,,,,,,,,,,,,,,,,,,,,,,,,,0,,,,,,,,,,0,,,,,,,,,,,,,,,0,,,,,,,,
Germany,DEU,Rural land area where elevation is below 5 meters (% of total land area),AG.LND.EL5M.RU.ZS,,,,,,,,,,,,,,,,,,,,,,,,,,,,,,,3.084697179,,,,,,,,,,3.06760902,,,,,,,,,,,,,,,3.070478147,,,,,,,,
Djibouti,DJI,Rural land area where elevation is below 5 meters (% of total land area),AG.LND.EL5M.RU.ZS,,,,,,,,,,,,,,,,,,,,,,,,,,,,,,,0.727812978,,,,,,,,,,0.72615299,,,,,,,,,,,,,,,0.70977202,,,,,,,,
Dominica,DMA,Rural land area where elevation is below 5 meters (% of total land area),AG.LND.EL5M.RU.ZS,,,,,,,,,,,,,,,,,,,,,,,,,,,,,,,2.78069284,,,,,,,,,,2.675747833,,,,,,,,,,,,,,,2.59292479,,,,,,,,
Denmark,DNK,Rural land area where elevation is below 5 meters (% of total land area),AG.LND.EL5M.RU.ZS,,,,,,,,,,,,,,,,,,,,,,,,,,,,,,,12.63355618,,,,,,,,,,12.57855046,,,,,,,,,,,,,,,12.56856252,,,,,,,,
Dominican Republic,DOM,Rural land area where elevation is below 5 meters (% of total land area),AG.LND.EL5M.RU.ZS,,,,,,,,,,,,,,,,,,,,,,,,,,,,,,,2.355976885,,,,,,,,,,2.327885006,,,,,,,,,,,,,,,2.285453231,,,,,,,,
Algeria,DZA,Rural land area where elevation is below 5 meters (% of total land area),AG.LND.EL5M.RU.ZS,,,,,,,,,,,,,,,,,,,,,,,,,,,,,,,0.01962542,,,,,,,,,,0.018946712,,,,,,,,,,,,,,,0.018287241,,,,,,,,
East Asia & Pacific (excluding high income),EAP,Rural land area where elevation is below 5 meters (% of total land area),AG.LND.EL5M.RU.ZS,,,,,,,,,,,,,,,,,,,,,,,,,,,,,,,2.162935707,,,,,,,,,,2.114917107,,,,,,,,,,,,,,,2.054902487,,,,,,,,
Early-demographic dividend,EAR,Rural land area where elevation is below 5 meters (% of total land area),AG.LND.EL5M.RU.ZS,,,,,,,,,,,,,,,,,,,,,,,,,,,,,,,1.311231146,,,,,,,,,,1.316272304,,,,,,,,,,,,,,,1.299013799,,,,,,,,
East Asia & Pacific,EAS,Rural land area where elevation is below 5 meters (% of total land area),AG.LND.EL5M.RU.ZS,,,,,,,,,,,,,,,,,,,,,,,,,,,,,,,1.737217053,,,,,,,,,,1.705309309,,,,,,,,,,,,,,,1.665540905,,,,,,,,
Europe & Central Asia (excluding high income),ECA,Rural land area where elevation is below 5 meters (% of total land area),AG.LND.EL5M.RU.ZS,,,,,,,,,,,,,,,,,,,,,,,,,,,,,,,0.538211064,,,,,,,,,,0.53742689,,,,,,,,,,,,,,,0.536983896,,,,,,,,
Europe & Central Asia,ECS,Rural land area where elevation is below 5 meters (% of total land area),AG.LND.EL5M.RU.ZS,,,,,,,,,,,,,,,,,,,,,,,,,,,,,,,0.840439445,,,,,,,,,,0.847542478,,,,,,,,,,,,,,,0.84470269,,,,,,,,
Ecuador,ECU,Rural land area where elevation is below 5 meters (% of total land area),AG.LND.EL5M.RU.ZS,,,,,,,,,,,,,,,,,,,,,,,,,,,,,,,1.240571316,,,,,,,,,,1.232309279,,,,,,,,,,,,,,,1.227164128,,,,,,,,
"Egypt, Arab Rep.",EGY,Rural land area where elevation is below 5 meters (% of total land area),AG.LND.EL5M.RU.ZS,,,,,,,,,,,,,,,,,,,,,,,,,,,,,,,1.164400228,,,,,,,,,,1.095270615,,,,,,,,,,,,,,,1.019646422,,,,,,,,
Euro area,EMU,Rural land area where elevation is below 5 meters (% of total land area),AG.LND.EL5M.RU.ZS,,,,,,,,,,,,,,,,,,,,,,,,,,,,,,,2.222504231,,,,,,,,,,2.194365441,,,,,,,,,,,,,,,2.171860658,,,,,,,,
Eritrea,ERI,Rural land area where elevation is below 5 meters (% of total land area),AG.LND.EL5M.RU.ZS,,,,,,,,,,,,,,,,,,,,,,,,,,,,,,,1.274480576,,,,,,,,,,1.274480576,,,,,,,,,,,,,,,1.272108378,,,,,,,,
Spain,ESP,Rural land area where elevation is below 5 meters (% of total land area),AG.LND.EL5M.RU.ZS,,,,,,,,,,,,,,,,,,,,,,,,,,,,,,,0.670278967,,,,,,,,,,0.661871965,,,,,,,,,,,,,,,0.648741933,,,,,,,,
Estonia,EST,Rural land area where elevation is below 5 meters (% of total land area),AG.LND.EL5M.RU.ZS,,,,,,,,,,,,,,,,,,,,,,,,,,,,,,,3.413419075,,,,,,,,,,3.406485282,,,,,,,,,,,,,,,3.395219845,,,,,,,,
Ethiopia,ETH,Rural land area where elevation is below 5 meters (% of total land area),AG.LND.EL5M.RU.ZS,,,,,,,,,,,,,,,,,,,,,,,,,,,,,,,0,,,,,,,,,,0,,,,,,,,,,,,,,,0,,,,,,,,
European Union,EUU,Rural land area where elevation is below 5 meters (% of total land area),AG.LND.EL5M.RU.ZS,,,,,,,,,,,,,,,,,,,,,,,,,,,,,,,1.890923414,,,,,,,,,,1.871315597,,,,,,,,,,,,,,,1.855518946,,,,,,,,
Fragile and conflict affected situations,FCS,Rural land area where elevation is below 5 meters (% of total land area),AG.LND.EL5M.RU.ZS,,,,,,,,,,,,,,,,,,,,,,,,,,,,,,,0.67873781,,,,,,,,,,0.683122281,,,,,,,,,,,,,,,0.670206102,,,,,,,,
Finland,FIN,Rural land area where elevation is below 5 meters (% of total land area),AG.LND.EL5M.RU.ZS,,,,,,,,,,,,,,,,,,,,,,,,,,,,,,,1.178288365,,,,,,,,,,1.174879658,,,,,,,,,,,,,,,1.17524923,,,,,,,,
Fiji,FJI,Rural land area where elevation is below 5 meters (% of total land area),AG.LND.EL5M.RU.ZS,,,,,,,,,,,,,,,,,,,,,,,,,,,,,,,8.222466499,,,,,,,,,,8.216556091,,,,,,,,,,,,,,,8.182804821,,,,,,,,
France,FRA,Rural land area where elevation is below 5 meters (% of total land area),AG.LND.EL5M.RU.ZS,,,,,,,,,,,,,,,,,,,,,,,,,,,,,,,1.382245064,,,,,,,,,,1.372948295,,,,,,,,,,,,,,,1.35736304,,,,,,,,
Faroe Islands,FRO,Rural land area where elevation is below 5 meters (% of total land area),AG.LND.EL5M.RU.ZS,,,,,,,,,,,,,,,,,,,,,,,,,,,,,,,2.760065224,,,,,,,,,,2.760065224,,,,,,,,,,,,,,,2.760065224,,,,,,,,
"Micronesia, Fed. Sts.",FSM,Rural land area where elevation is below 5 meters (% of total land area),AG.LND.EL5M.RU.ZS,,,,,,,,,,,,,,,,,,,,,,,,,,,,,,,20.02767434,,,,,,,,,,20.02767434,,,,,,,,,,,,,,,19.96544001,,,,,,,,
Gabon,GAB,Rural land area where elevation is below 5 meters (% of total land area),AG.LND.EL5M.RU.ZS,,,,,,,,,,,,,,,,,,,,,,,,,,,,,,,1.420233392,,,,,,,,,,1.419854678,,,,,,,,,,,,,,,1.416450529,,,,,,,,
United Kingdom,GBR,Rural land area where elevation is below 5 meters (% of total land area),AG.LND.EL5M.RU.ZS,,,,,,,,,,,,,,,,,,,,,,,,,,,,,,,3.741771645,,,,,,,,,,3.73465635,,,,,,,,,,,,,,,3.718689984,,,,,,,,
Georgia,GEO,Rural land area where elevation is below 5 meters (% of total land area),AG.LND.EL5M.RU.ZS,,,,,,,,,,,,,,,,,,,,,,,,,,,,,,,1.319816963,,,,,,,,,,1.317678433,,,,,,,,,,,,,,,1.314953535,,,,,,,,
Ghana,GHA,Rural land area where elevation is below 5 meters (% of total land area),AG.LND.EL5M.RU.ZS,,,,,,,,,,,,,,,,,,,,,,,,,,,,,,,0.652503297,,,,,,,,,,0.639042206,,,,,,,,,,,,,,,0.605084013,,,,,,,,
Gibraltar,GIB,Rural land area where elevation is below 5 meters (% of total land area),AG.LND.EL5M.RU.ZS,,,,,,,,,,,,,,,,,,,,,,,,,,,,,,,0.63710546,,,,,,,,,,0.63710546,,,,,,,,,,,,,,,0.63710546,,,,,,,,
Guinea,GIN,Rural land area where elevation is below 5 meters (% of total land area),AG.LND.EL5M.RU.ZS,,,,,,,,,,,,,,,,,,,,,,,,,,,,,,,1.361477267,,,,,,,,,,1.35213884,,,,,,,,,,,,,,,1.342377328,,,,,,,,
"Gambia, The",GMB,Rural land area where elevation is below 5 meters (% of total land area),AG.LND.EL5M.RU.ZS,,,,,,,,,,,,,,,,,,,,,,,,,,,,,,,18.75141979,,,,,,,,,,18.71314997,,,,,,,,,,,,,,,18.68724371,,,,,,,,
Guinea-Bissau,GNB,Rural land area where elevation is below 5 meters (% of total land area),AG.LND.EL5M.RU.ZS,,,,,,,,,,,,,,,,,,,,,,,,,,,,,,,15.99321878,,,,,,,,,,15.97844624,,,,,,,,,,,,,,,15.96803304,,,,,,,,
Equatorial Guinea,GNQ,Rural land area where elevation is below 5 meters (% of total land area),AG.LND.EL5M.RU.ZS,,,,,,,,,,,,,,,,,,,,,,,,,,,,,,,0.775337395,,,,,,,,,,0.762910648,,,,,,,,,,,,,,,0.75438471,,,,,,,,
Greece,GRC,Rural land area where elevation is below 5 meters (% of total land area),AG.LND.EL5M.RU.ZS,,,,,,,,,,,,,,,,,,,,,,,,,,,,,,,3.271437334,,,,,,,,,,3.25368246,,,,,,,,,,,,,,,3.255556757,,,,,,,,
Grenada,GRD,Rural land area where elevation is below 5 meters (% of total land area),AG.LND.EL5M.RU.ZS,,,,,,,,,,,,,,,,,,,,,,,,,,,,,,,6.605152738,,,,,,,,,,6.071642567,,,,,,,,,,,,,,,5.80172906,,,,,,,,
Greenland,GRL,Rural land area where elevation is below 5 meters (% of total land area),AG.LND.EL5M.RU.ZS,,,,,,,,,,,,,,,,,,,,,,,,,,,,,,,5.101074743,,,,,,,,,,5.100627702,,,,,,,,,,,,,,,5.100627702,,,,,,,,
Guatemala,GTM,Rural land area where elevation is below 5 meters (% of total land area),AG.LND.EL5M.RU.ZS,,,,,,,,,,,,,,,,,,,,,,,,,,,,,,,0.726509282,,,,,,,,,,0.725887769,,,,,,,,,,,,,,,0.720057248,,,,,,,,
Guam,GUM,Rural land area where elevation is below 5 meters (% of total land area),AG.LND.EL5M.RU.ZS,,,,,,,,,,,,,,,,,,,,,,,,,,,,,,,4.648314557,,,,,,,,,,4.596034543,,,,,,,,,,,,,,,4.596034543,,,,,,,,
Guyana,GUY,Rural land area where elevation is below 5 meters (% of total land area),AG.LND.EL5M.RU.ZS,,,,,,,,,,,,,,,,,,,,,,,,,,,,,,,5.151742622,,,,,,,,,,5.146994158,,,,,,,,,,,,,,,5.14822465,,,,,,,,
High income,HIC,Rural land area where elevation is below 5 meters (% of total land area),AG.LND.EL5M.RU.ZS,,,,,,,,,,,,,,,,,,,,,,,,,,,,,,,1.18354806,,,,,,,,,,1.185842335,,,,,,,,,,,,,,,1.18014602,,,,,,,,
"Hong Kong SAR, China",HKG,Rural land area where elevation is below 5 meters (% of total land area),AG.LND.EL5M.RU.ZS,,,,,,,,,,,,,,,,,,,,,,,,,,,,,,,7.570741047,,,,,,,,,,7.103931571,,,,,,,,,,,,,,,6.765330678,,,,,,,,
Honduras,HND,Rural land area where elevation is below 5 meters (% of total land area),AG.LND.EL5M.RU.ZS,,,,,,,,,,,,,,,,,,,,,,,,,,,,,,,4.481167427,,,,,,,,,,4.479386764,,,,,,,,,,,,,,,4.45837225,,,,,,,,
Heavily indebted poor countries (HIPC),HPC,Rural land area where elevation is below 5 meters (% of total land area),AG.LND.EL5M.RU.ZS,,,,,,,,,,,,,,,,,,,,,,,,,,,,,,,0.47108588,,,,,,,,,,0.476407903,,,,,,,,,,,,,,,0.48237819,,,,,,,,
Croatia,HRV,Rural land area where elevation is below 5 meters (% of total land area),AG.LND.EL5M.RU.ZS,,,,,,,,,,,,,,,,,,,,,,,,,,,,,,,1.490350321,,,,,,,,,,1.497151171,,,,,,,,,,,,,,,1.493489957,,,,,,,,
Haiti,HTI,Rural land area where elevation is below 5 meters (% of total land area),AG.LND.EL5M.RU.ZS,,,,,,,,,,,,,,,,,,,,,,,,,,,,,,,2.150450489,,,,,,,,,,2.125565745,,,,,,,,,,,,,,,2.105387942,,,,,,,,
Hungary,HUN,Rural land area where elevation is below 5 meters (% of total land area),AG.LND.EL5M.RU.ZS,,,,,,,,,,,,,,,,,,,,,,,,,,,,,,,0,,,,,,,,,,0,,,,,,,,,,,,,,,0,,,,,,,,
IBRD only,IBD,Rural land area where elevation is below 5 meters (% of total land area),AG.LND.EL5M.RU.ZS,,,,,,,,,,,,,,,,,,,,,,,,,,,,,,,1.002895596,,,,,,,,,,0.989926035,,,,,,,,,,,,,,,0.973129443,,,,,,,,
IDA & IBRD total,IBT,Rural land area where elevation is below 5 meters (% of total land area),AG.LND.EL5M.RU.ZS,,,,,,,,,,,,,,,,,,,,,,,,,,,,,,,0.948526163,,,,,,,,,,0.939016052,,,,,,,,,,,,,,,0.922328369,,,,,,,,
IDA total,IDA,Rural land area where elevation is below 5 meters (% of total land area),AG.LND.EL5M.RU.ZS,,,,,,,,,,,,,,,,,,,,,,,,,,,,,,,0.792422375,,,,,,,,,,0.792839419,,,,,,,,,,,,,,,0.778061184,,,,,,,,
IDA blend,IDB,Rural land area where elevation is below 5 meters (% of total land area),AG.LND.EL5M.RU.ZS,,,,,,,,,,,,,,,,,,,,,,,,,,,,,,,1.201603596,,,,,,,,,,1.195066125,,,,,,,,,,,,,,,1.186965905,,,,,,,,
Indonesia,IDN,Rural land area where elevation is below 5 meters (% of total land area),AG.LND.EL5M.RU.ZS,,,,,,,,,,,,,,,,,,,,,,,,,,,,,,,7.53220957,,,,,,,,,,7.487041851,,,,,,,,,,,,,,,7.44376394,,,,,,,,
IDA only,IDX,Rural land area where elevation is below 5 meters (% of total land area),AG.LND.EL5M.RU.ZS,,,,,,,,,,,,,,,,,,,,,,,,,,,,,,,0.704692672,,,,,,,,,,0.706364371,,,,,,,,,,,,,,,0.691208732,,,,,,,,
Isle of Man,IMN,Rural land area where elevation is below 5 meters (% of total land area),AG.LND.EL5M.RU.ZS,,,,,,,,,,,,,,,,,,,,,,,,,,,,,,,3.508913109,,,,,,,,,,3.508913109,,,,,,,,,,,,,,,3.43192015,,,,,,,,
India,IND,Rural land area where elevation is below 5 meters (% of total land area),AG.LND.EL5M.RU.ZS,,,,,,,,,,,,,,,,,,,,,,,,,,,,,,,1.075668565,,,,,,,,,,1.052270227,,,,,,,,,,,,,,,1.026331573,,,,,,,,
Not classified,INX,Rural land area where elevation is below 5 meters (% of total land area),AG.LND.EL5M.RU.ZS,,,,,,,,,,,,,,,,,,,,,,,,,,,,,,,,,,,,,,,,,,,,,,,,,,,,,,,,,,,,,,,,
Ireland,IRL,Rural land area where elevation is below 5 meters (% of total land area),AG.LND.EL5M.RU.ZS,,,,,,,,,,,,,,,,,,,,,,,,,,,,,,,1.992280124,,,,,,,,,,1.982286628,,,,,,,,,,,,,,,1.969987428,,,,,,,,
"Iran, Islamic Rep.",IRN,Rural land area where elevation is below 5 meters (% of total land area),AG.LND.EL5M.RU.ZS,,,,,,,,,,,,,,,,,,,,,,,,,,,,,,,0.771680672,,,,,,,,,,0.767988726,,,,,,,,,,,,,,,0.76415964,,,,,,,,
Iraq,IRQ,Rural land area where elevation is below 5 meters (% of total land area),AG.LND.EL5M.RU.ZS,,,,,,,,,,,,,,,,,,,,,,,,,,,,,,,2.847617266,,,,,,,,,,2.83849607,,,,,,,,,,,,,,,2.823271837,,,,,,,,
Iceland,ISL,Rural land area where elevation is below 5 meters (% of total land area),AG.LND.EL5M.RU.ZS,,,,,,,,,,,,,,,,,,,,,,,,,,,,,,,1.852544245,,,,,,,,,,1.849016721,,,,,,,,,,,,,,,1.848116327,,,,,,,,
Israel,ISR,Rural land area where elevation is below 5 meters (% of total land area),AG.LND.EL5M.RU.ZS,,,,,,,,,,,,,,,,,,,,,,,,,,,,,,,0.223700017,,,,,,,,,,0.204157311,,,,,,,,,,,,,,,0.168756954,,,,,,,,
Italy,ITA,Rural land area where elevation is below 5 meters (% of total land area),AG.LND.EL5M.RU.ZS,,,,,,,,,,,,,,,,,,,,,,,,,,,,,,,2.965634712,,,,,,,,,,2.955639821,,,,,,,,,,,,,,,2.918927451,,,,,,,,
Jamaica,JAM,Rural land area where elevation is below 5 meters (% of total land area),AG.LND.EL5M.RU.ZS,,,,,,,,,,,,,,,,,,,,,,,,,,,,,,,3.936674275,,,,,,,,,,3.876326354,,,,,,,,,,,,,,,3.745160831,,,,,,,,
Jordan,JOR,Rural land area where elevation is below 5 meters (% of total land area),AG.LND.EL5M.RU.ZS,,,,,,,,,,,,,,,,,,,,,,,,,,,,,,,0.003137299,,,,,,,,,,0.003137299,,,,,,,,,,,,,,,0.002937815,,,,,,,,
Japan,JPN,Rural land area where elevation is below 5 meters (% of total land area),AG.LND.EL5M.RU.ZS,,,,,,,,,,,,,,,,,,,,,,,,,,,,,,,1.527178548,,,,,,,,,,1.494581534,,,,,,,,,,,,,,,1.483251957,,,,,,,,
Kazakhstan,KAZ,Rural land area where elevation is below 5 meters (% of total land area),AG.LND.EL5M.RU.ZS,,,,,,,,,,,,,,,,,,,,,,,,,,,,,,,0,,,,,,,,,,0,,,,,,,,,,,,,,,0,,,,,,,,
Kenya,KEN,Rural land area where elevation is below 5 meters (% of total land area),AG.LND.EL5M.RU.ZS,,,,,,,,,,,,,,,,,,,,,,,,,,,,,,,0.27136184,,,,,,,,,,0.270730571,,,,,,,,,,,,,,,0.269785333,,,,,,,,
Kyrgyz Republic,KGZ,Rural land area where elevation is below 5 meters (% of total land area),AG.LND.EL5M.RU.ZS,,,,,,,,,,,,,,,,,,,,,,,,,,,,,,,0,,,,,,,,,,0,,,,,,,,,,,,,,,0,,,,,,,,
Cambodia,KHM,Rural land area where elevation is below 5 meters (% of total land area),AG.LND.EL5M.RU.ZS,,,,,,,,,,,,,,,,,,,,,,,,,,,,,,,1.721008847,,,,,,,,,,1.714292148,,,,,,,,,,,,,,,1.716568108,,,,,,,,
Kiribati,KIR,Rural land area where elevation is below 5 meters (% of total land area),AG.LND.EL5M.RU.ZS,,,,,,,,,,,,,,,,,,,,,,,,,,,,,,,67.50998391,,,,,,,,,,67.4910841,,,,,,,,,,,,,,,67.18004739,,,,,,,,
St. Kitts and Nevis,KNA,Rural land area where elevation is below 5 meters (% of total land area),AG.LND.EL5M.RU.ZS,,,,,,,,,,,,,,,,,,,,,,,,,,,,,,,7.753968016,,,,,,,,,,7.473203761,,,,,,,,,,,,,,,7.473203761,,,,,,,,
"Korea, Rep.",KOR,Rural land area where elevation is below 5 meters (% of total land area),AG.LND.EL5M.RU.ZS,,,,,,,,,,,,,,,,,,,,,,,,,,,,,,,2.642825952,,,,,,,,,,2.582611063,,,,,,,,,,,,,,,2.539604232,,,,,,,,
Kuwait,KWT,Rural land area where elevation is below 5 meters (% of total land area),AG.LND.EL5M.RU.ZS,,,,,,,,,,,,,,,,,,,,,,,,,,,,,,,8.30680806,,,,,,,,,,8.331732966,,,,,,,,,,,,,,,8.13624671,,,,,,,,
Latin America & Caribbean (excluding high income),LAC,Rural land area where elevation is below 5 meters (% of total land area),AG.LND.EL5M.RU.ZS,,,,,,,,,,,,,,,,,,,,,,,,,,,,,,,1.182581318,,,,,,,,,,1.179891648,,,,,,,,,,,,,,,1.174426489,,,,,,,,
Lao PDR,LAO,Rural land area where elevation is below 5 meters (% of total land area),AG.LND.EL5M.RU.ZS,,,,,,,,,,,,,,,,,,,,,,,,,,,,,,,0,,,,,,,,,,0,,,,,,,,,,,,,,,0,,,,,,,,
Lebanon,LBN,Rural land area where elevation is below 5 meters (% of total land area),AG.LND.EL5M.RU.ZS,,,,,,,,,,,,,,,,,,,,,,,,,,,,,,,0.31149963,,,,,,,,,,0.28757946,,,,,,,,,,,,,,,0.229588602,,,,,,,,
Liberia,LBR,Rural land area where elevation is below 5 meters (% of total land area),AG.LND.EL5M.RU.ZS,,,,,,,,,,,,,,,,,,,,,,,,,,,,,,,0.99226868,,,,,,,,,,0.983493581,,,,,,,,,,,,,,,0.974381007,,,,,,,,
Libya,LBY,Rural land area where elevation is below 5 meters (% of total land area),AG.LND.EL5M.RU.ZS,,,,,,,,,,,,,,,,,,,,,,,,,,,,,,,0.46727488,,,,,,,,,,0.465834072,,,,,,,,,,,,,,,0.465232174,,,,,,,,
St. Lucia,LCA,Rural land area where elevation is below 5 meters (% of total land area),AG.LND.EL5M.RU.ZS,,,,,,,,,,,,,,,,,,,,,,,,,,,,,,,3.888610318,,,,,,,,,,3.613086136,,,,,,,,,,,,,,,3.516492618,,,,,,,,
Latin America & Caribbean,LCN,Rural land area where elevation is below 5 meters (% of total land area),AG.LND.EL5M.RU.ZS,,,,,,,,,,,,,,,,,,,,,,,,,,,,,,,1.259725824,,,,,,,,,,1.256918564,,,,,,,,,,,,,,,1.251573407,,,,,,,,
Least developed countries: UN classification,LDC,Rural land area where elevation is below 5 meters (% of total land area),AG.LND.EL5M.RU.ZS,,,,,,,,,,,,,,,,,,,,,,,,,,,,,,,0.592606249,,,,,,,,,,0.59447266,,,,,,,,,,,,,,,0.580908131,,,,,,,,
Low income,LIC,Rural land area where elevation is below 5 meters (% of total land area),AG.LND.EL5M.RU.ZS,,,,,,,,,,,,,,,,,,,,,,,,,,,,,,,0.297923398,,,,,,,,,,0.305444298,,,,,,,,,,,,,,,0.298100233,,,,,,,,
Liechtenstein,LIE,Rural land area where elevation is below 5 meters (% of total land area),AG.LND.EL5M.RU.ZS,,,,,,,,,,,,,,,,,,,,,,,,,,,,,,,0,,,,,,,,,,0,,,,,,,,,,,,,,,0,,,,,,,,
Sri Lanka,LKA,Rural land area where elevation is below 5 meters (% of total land area),AG.LND.EL5M.RU.ZS,,,,,,,,,,,,,,,,,,,,,,,,,,,,,,,3.095342707,,,,,,,,,,3.06333083,,,,,,,,,,,,,,,3.050632267,,,,,,,,
Lower middle income,LMC,Rural land area where elevation is below 5 meters (% of total land area),AG.LND.EL5M.RU.ZS,,,,,,,,,,,,,,,,,,,,,,,,,,,,,,,1.615439052,,,,,,,,,,1.602982223,,,,,,,,,,,,,,,1.582947304,,,,,,,,
Low & middle income,LMY,Rural land area where elevation is below 5 meters (% of total land area),AG.LND.EL5M.RU.ZS,,,,,,,,,,,,,,,,,,,,,,,,,,,,,,,0.950955279,,,,,,,,,,0.941259935,,,,,,,,,,,,,,,0.923754544,,,,,,,,
Lesotho,LSO,Rural land area where elevation is below 5 meters (% of total land area),AG.LND.EL5M.RU.ZS,,,,,,,,,,,,,,,,,,,,,,,,,,,,,,,0,,,,,,,,,,0,,,,,,,,,,,,,,,0,,,,,,,,
Late-demographic dividend,LTE,Rural land area where elevation is below 5 meters (% of total land area),AG.LND.EL5M.RU.ZS,,,,,,,,,,,,,,,,,,,,,,,,,,,,,,,0.890022908,,,,,,,,,,0.865738894,,,,,,,,,,,,,,,0.845728258,,,,,,,,
Lithuania,LTU,Rural land area where elevation is below 5 meters (% of total land area),AG.LND.EL5M.RU.ZS,,,,,,,,,,,,,,,,,,,,,,,,,,,,,,,0.666932384,,,,,,,,,,0.66932635,,,,,,,,,,,,,,,0.66932635,,,,,,,,
Luxembourg,LUX,Rural land area where elevation is below 5 meters (% of total land area),AG.LND.EL5M.RU.ZS,,,,,,,,,,,,,,,,,,,,,,,,,,,,,,,0,,,,,,,,,,0,,,,,,,,,,,,,,,0,,,,,,,,
Latvia,LVA,Rural land area where elevation is below 5 meters (% of total land area),AG.LND.EL5M.RU.ZS,,,,,,,,,,,,,,,,,,,,,,,,,,,,,,,1.725261211,,,,,,,,,,1.726248637,,,,,,,,,,,,,,,1.739473234,,,,,,,,
"Macao SAR, China",MAC,Rural land area where elevation is below 5 meters (% of total land area),AG.LND.EL5M.RU.ZS,,,,,,,,,,,,,,,,,,,,,,,,,,,,,,,20.35946715,,,,,,,,,,14.35662521,,,,,,,,,,,,,,,14.09561746,,,,,,,,
St. Martin (French part),MAF,Rural land area where elevation is below 5 meters (% of total land area),AG.LND.EL5M.RU.ZS,,,,,,,,,,,,,,,,,,,,,,,,,,,,,,,21.59245752,,,,,,,,,,16.73919353,,,,,,,,,,,,,,,14.20062397,,,,,,,,
Morocco,MAR,Rural land area where elevation is below 5 meters (% of total land area),AG.LND.EL5M.RU.ZS,,,,,,,,,,,,,,,,,,,,,,,,,,,,,,,0.188533566,,,,,,,,,,0.184133879,,,,,,,,,,,,,,,0.178370873,,,,,,,,
Monaco,MCO,Rural land area where elevation is below 5 meters (% of total land area),AG.LND.EL5M.RU.ZS,,,,,,,,,,,,,,,,,,,,,,,,,,,,,,,1.243274895,,,,,,,,,,1.243274895,,,,,,,,,,,,,,,1.243274895,,,,,,,,
Moldova,MDA,Rural land area where elevation is below 5 meters (% of total land area),AG.LND.EL5M.RU.ZS,,,,,,,,,,,,,,,,,,,,,,,,,,,,,,,0,,,,,,,,,,0,,,,,,,,,,,,,,,0,,,,,,,,
Madagascar,MDG,Rural land area where elevation is below 5 meters (% of total land area),AG.LND.EL5M.RU.ZS,,,,,,,,,,,,,,,,,,,,,,,,,,,,,,,1.249746185,,,,,,,,,,1.247531945,,,,,,,,,,,,,,,1.241427317,,,,,,,,
Maldives,MDV,Rural land area where elevation is below 5 meters (% of total land area),AG.LND.EL5M.RU.ZS,,,,,,,,,,,,,,,,,,,,,,,,,,,,,,,76.65177702,,,,,,,,,,76.45636176,,,,,,,,,,,,,,,76.57411785,,,,,,,,
Middle East & North Africa,MEA,Rural land area where elevation is below 5 meters (% of total land area),AG.LND.EL5M.RU.ZS,,,,,,,,,,,,,,,,,,,,,,,,,,,,,,,0.590467429,,,,,,,,,,0.581189057,,,,,,,,,,,,,,,0.568337248,,,,,,,,
Mexico,MEX,Rural land area where elevation is below 5 meters (% of total land area),AG.LND.EL5M.RU.ZS,,,,,,,,,,,,,,,,,,,,,,,,,,,,,,,2.671937573,,,,,,,,,,2.66881146,,,,,,,,,,,,,,,2.662989253,,,,,,,,
Marshall Islands,MHL,Rural land area where elevation is below 5 meters (% of total land area),AG.LND.EL5M.RU.ZS,,,,,,,,,,,,,,,,,,,,,,,,,,,,,,,80.68018452,,,,,,,,,,79.93828778,,,,,,,,,,,,,,,79.36908121,,,,,,,,
Middle income,MIC,Rural land area where elevation is below 5 meters (% of total land area),AG.LND.EL5M.RU.ZS,,,,,,,,,,,,,,,,,,,,,,,,,,,,,,,1.080222356,,,,,,,,,,1.067090446,,,,,,,,,,,,,,,1.049763394,,,,,,,,
North Macedonia,MKD,Rural land area where elevation is below 5 meters (% of total land area),AG.LND.EL5M.RU.ZS,,,,,,,,,,,,,,,,,,,,,,,,,,,,,,,0,,,,,,,,,,0,,,,,,,,,,,,,,,0,,,,,,,,
Mali,MLI,Rural land area where elevation is below 5 meters (% of total land area),AG.LND.EL5M.RU.ZS,,,,,,,,,,,,,,,,,,,,,,,,,,,,,,,0,,,,,,,,,,0,,,,,,,,,,,,,,,0,,,,,,,,
Malta,MLT,Rural land area where elevation is below 5 meters (% of total land area),AG.LND.EL5M.RU.ZS,,,,,,,,,,,,,,,,,,,,,,,,,,,,,,,5.349070551,,,,,,,,,,5.248080752,,,,,,,,,,,,,,,5.075374282,,,,,,,,
Myanmar,MMR,Rural land area where elevation is below 5 meters (% of total land area),AG.LND.EL5M.RU.ZS,,,,,,,,,,,,,,,,,,,,,,,,,,,,,,,4.484925726,,,,,,,,,,4.468665635,,,,,,,,,,,,,,,4.459669842,,,,,,,,
Middle East & North Africa (excluding high income),MNA,Rural land area where elevation is below 5 meters (% of total land area),AG.LND.EL5M.RU.ZS,,,,,,,,,,,,,,,,,,,,,,,,,,,,,,,0.583008979,,,,,,,,,,0.572687607,,,,,,,,,,,,,,,0.560300787,,,,,,,,
Montenegro,MNE,Rural land area where elevation is below 5 meters (% of total land area),AG.LND.EL5M.RU.ZS,,,,,,,,,,,,,,,,,,,,,,,,,,,,,,,0.593960665,,,,,,,,,,0.593284689,,,,,,,,,,,,,,,0.591947455,,,,,,,,
Mongolia,MNG,Rural land area where elevation is below 5 meters (% of total land area),AG.LND.EL5M.RU.ZS,,,,,,,,,,,,,,,,,,,,,,,,,,,,,,,0,,,,,,,,,,0,,,,,,,,,,,,,,,0,,,,,,,,
Northern Mariana Islands,MNP,Rural land area where elevation is below 5 meters (% of total land area),AG.LND.EL5M.RU.ZS,,,,,,,,,,,,,,,,,,,,,,,,,,,,,,,12.59335991,,,,,,,,,,12.55244993,,,,,,,,,,,,,,,12.59335991,,,,,,,,
Mozambique,MOZ,Rural land area where elevation is below 5 meters (% of total land area),AG.LND.EL5M.RU.ZS,,,,,,,,,,,,,,,,,,,,,,,,,,,,,,,2.052678066,,,,,,,,,,2.050149118,,,,,,,,,,,,,,,2.046697337,,,,,,,,
Mauritania,MRT,Rural land area where elevation is below 5 meters (% of total land area),AG.LND.EL5M.RU.ZS,,,,,,,,,,,,,,,,,,,,,,,,,,,,,,,1.072174598,,,,,,,,,,1.072005801,,,,,,,,,,,,,,,1.071391345,,,,,,,,
Mauritius,MUS,Rural land area where elevation is below 5 meters (% of total land area),AG.LND.EL5M.RU.ZS,,,,,,,,,,,,,,,,,,,,,,,,,,,,,,,2.972582354,,,,,,,,,,2.905334639,,,,,,,,,,,,,,,2.650892051,,,,,,,,
Malawi,MWI,Rural land area where elevation is below 5 meters (% of total land area),AG.LND.EL5M.RU.ZS,,,,,,,,,,,,,,,,,,,,,,,,,,,,,,,0,,,,,,,,,,0,,,,,,,,,,,,,,,0,,,,,,,,
Malaysia,MYS,Rural land area where elevation is below 5 meters (% of total land area),AG.LND.EL5M.RU.ZS,,,,,,,,,,,,,,,,,,,,,,,,,,,,,,,6.589620289,,,,,,,,,,6.478998395,,,,,,,,,,,,,,,6.365178811,,,,,,,,
North America,NAC,Rural land area where elevation is below 5 meters (% of total land area),AG.LND.EL5M.RU.ZS,,,,,,,,,,,,,,,,,,,,,,,,,,,,,,,1.032591605,,,,,,,,,,1.029746244,,,,,,,,,,,,,,,1.0256224,,,,,,,,
Namibia,NAM,Rural land area where elevation is below 5 meters (% of total land area),AG.LND.EL5M.RU.ZS,,,,,,,,,,,,,,,,,,,,,,,,,,,,,,,0.201142845,,,,,,,,,,0.200845469,,,,,,,,,,,,,,,0.20076548,,,,,,,,
New Caledonia,NCL,Rural land area where elevation is below 5 meters (% of total land area),AG.LND.EL5M.RU.ZS,,,,,,,,,,,,,,,,,,,,,,,,,,,,,,,5.372026264,,,,,,,,,,5.371104791,,,,,,,,,,,,,,,5.343298458,,,,,,,,
Niger,NER,Rural land area where elevation is below 5 meters (% of total land area),AG.LND.EL5M.RU.ZS,,,,,,,,,,,,,,,,,,,,,,,,,,,,,,,0,,,,,,,,,,0,,,,,,,,,,,,,,,0,,,,,,,,
Nigeria,NGA,Rural land area where elevation is below 5 meters (% of total land area),AG.LND.EL5M.RU.ZS,,,,,,,,,,,,,,,,,,,,,,,,,,,,,,,2.040251566,,,,,,,,,,2.026279211,,,,,,,,,,,,,,,1.997912832,,,,,,,,
Nicaragua,NIC,Rural land area where elevation is below 5 meters (% of total land area),AG.LND.EL5M.RU.ZS,,,,,,,,,,,,,,,,,,,,,,,,,,,,,,,5.886470901,,,,,,,,,,5.884836602,,,,,,,,,,,,,,,5.881174044,,,,,,,,
Netherlands,NLD,Rural land area where elevation is below 5 meters (% of total land area),AG.LND.EL5M.RU.ZS,,,,,,,,,,,,,,,,,,,,,,,,,,,,,,,41.69174134,,,,,,,,,,40.48314469,,,,,,,,,,,,,,,39.68203673,,,,,,,,
Norway,NOR,Rural land area where elevation is below 5 meters (% of total land area),AG.LND.EL5M.RU.ZS,,,,,,,,,,,,,,,,,,,,,,,,,,,,,,,1.561110099,,,,,,,,,,1.559905452,,,,,,,,,,,,,,,1.556174091,,,,,,,,
Nepal,NPL,Rural land area where elevation is below 5 meters (% of total land area),AG.LND.EL5M.RU.ZS,,,,,,,,,,,,,,,,,,,,,,,,,,,,,,,0,,,,,,,,,,0,,,,,,,,,,,,,,,0,,,,,,,,
Nauru,NRU,Rural land area where elevation is below 5 meters (% of total land area),AG.LND.EL5M.RU.ZS,,,,,,,,,,,,,,,,,,,,,,,,,,,,,,,8.039993386,,,,,,,,,,7.623441357,,,,,,,,,,,,,,,7.623441357,,,,,,,,
New Zealand,NZL,Rural land area where elevation is below 5 meters (% of total land area),AG.LND.EL5M.RU.ZS,,,,,,,,,,,,,,,,,,,,,,,,,,,,,,,4.591692894,,,,,,,,,,4.587031288,,,,,,,,,,,,,,,4.582839611,,,,,,,,
OECD members,OED,Rural land area where elevation is below 5 meters (% of total land area),AG.LND.EL5M.RU.ZS,,,,,,,,,,,,,,,,,,,,,,,,,,,,,,,1.216529824,,,,,,,,,,1.211601016,,,,,,,,,,,,,,,1.20651715,,,,,,,,
Oman,OMN,Rural land area where elevation is below 5 meters (% of total land area),AG.LND.EL5M.RU.ZS,,,,,,,,,,,,,,,,,,,,,,,,,,,,,,,0.776220234,,,,,,,,,,0.766350243,,,,,,,,,,,,,,,0.748313257,,,,,,,,
Other small states,OSS,Rural land area where elevation is below 5 meters (% of total land area),AG.LND.EL5M.RU.ZS,,,,,,,,,,,,,,,,,,,,,,,,,,,,,,,0.899514439,,,,,,,,,,0.899845891,,,,,,,,,,,,,,,0.895951443,,,,,,,,
Pakistan,PAK,Rural land area where elevation is below 5 meters (% of total land area),AG.LND.EL5M.RU.ZS,,,,,,,,,,,,,,,,,,,,,,,,,,,,,,,1.299858083,,,,,,,,,,1.299275341,,,,,,,,,,,,,,,1.297888327,,,,,,,,
Panama,PAN,Rural land area where elevation is below 5 meters (% of total land area),AG.LND.EL5M.RU.ZS,,,,,,,,,,,,,,,,,,,,,,,,,,,,,,,4.438589962,,,,,,,,,,4.42818855,,,,,,,,,,,,,,,4.420792367,,,,,,,,
Peru,PER,Rural land area where elevation is below 5 meters (% of total land area),AG.LND.EL5M.RU.ZS,,,,,,,,,,,,,,,,,,,,,,,,,,,,,,,0.292648814,,,,,,,,,,0.291706177,,,,,,,,,,,,,,,0.290922258,,,,,,,,
Philippines,PHL,Rural land area where elevation is below 5 meters (% of total land area),AG.LND.EL5M.RU.ZS,,,,,,,,,,,,,,,,,,,,,,,,,,,,,,,4.271847442,,,,,,,,,,4.229219428,,,,,,,,,,,,,,,4.135691007,,,,,,,,
Palau,PLW,Rural land area where elevation is below 5 meters (% of total land area),AG.LND.EL5M.RU.ZS,,,,,,,,,,,,,,,,,,,,,,,,,,,,,,,15.65944056,,,,,,,,,,15.65944056,,,,,,,,,,,,,,,15.65944056,,,,,,,,
Papua New Guinea,PNG,Rural land area where elevation is below 5 meters (% of total land area),AG.LND.EL5M.RU.ZS,,,,,,,,,,,,,,,,,,,,,,,,,,,,,,,3.834142173,,,,,,,,,,3.832994253,,,,,,,,,,,,,,,3.83160152,,,,,,,,
Poland,POL,Rural land area where elevation is below 5 meters (% of total land area),AG.LND.EL5M.RU.ZS,,,,,,,,,,,,,,,,,,,,,,,,,,,,,,,0.996152738,,,,,,,,,,0.992424079,,,,,,,,,,,,,,,0.987739837,,,,,,,,
Pre-demographic dividend,PRE,Rural land area where elevation is below 5 meters (% of total land area),AG.LND.EL5M.RU.ZS,,,,,,,,,,,,,,,,,,,,,,,,,,,,,,,0.516855052,,,,,,,,,,0.518784789,,,,,,,,,,,,,,,0.510642252,,,,,,,,
Puerto Rico,PRI,Rural land area where elevation is below 5 meters (% of total land area),AG.LND.EL5M.RU.ZS,,,,,,,,,,,,,,,,,,,,,,,,,,,,,,,5.025167647,,,,,,,,,,4.789441005,,,,,,,,,,,,,,,4.789412047,,,,,,,,
"Korea, Dem. People's Rep.",PRK,Rural land area where elevation is below 5 meters (% of total land area),AG.LND.EL5M.RU.ZS,,,,,,,,,,,,,,,,,,,,,,,,,,,,,,,1.559935038,,,,,,,,,,1.539846162,,,,,,,,,,,,,,,1.531614527,,,,,,,,
Portugal,PRT,Rural land area where elevation is below 5 meters (% of total land area),AG.LND.EL5M.RU.ZS,,,,,,,,,,,,,,,,,,,,,,,,,,,,,,,1.567927529,,,,,,,,,,1.556627443,,,,,,,,,,,,,,,1.552439465,,,,,,,,
Paraguay,PRY,Rural land area where elevation is below 5 meters (% of total land area),AG.LND.EL5M.RU.ZS,,,,,,,,,,,,,,,,,,,,,,,,,,,,,,,0,,,,,,,,,,0,,,,,,,,,,,,,,,0,,,,,,,,
West Bank and Gaza,PSE,Rural land area where elevation is below 5 meters (% of total land area),AG.LND.EL5M.RU.ZS,,,,,,,,,,,,,,,,,,,,,,,,,,,,,,,0.038769751,,,,,,,,,,0.036115823,,,,,,,,,,,,,,,0.023926711,,,,,,,,
Pacific island small states,PSS,Rural land area where elevation is below 5 meters (% of total land area),AG.LND.EL5M.RU.ZS,,,,,,,,,,,,,,,,,,,,,,,,,,,,,,,8.034699477,,,,,,,,,,8.025091452,,,,,,,,,,,,,,,7.997927225,,,,,,,,
Post-demographic dividend,PST,Rural land area where elevation is below 5 meters (% of total land area),AG.LND.EL5M.RU.ZS,,,,,,,,,,,,,,,,,,,,,,,,,,,,,,,1.159742468,,,,,,,,,,1.154809533,,,,,,,,,,,,,,,1.148349293,,,,,,,,
French Polynesia,PYF,Rural land area where elevation is below 5 meters (% of total land area),AG.LND.EL5M.RU.ZS,,,,,,,,,,,,,,,,,,,,,,,,,,,,,,,29.83355716,,,,,,,,,,29.80299848,,,,,,,,,,,,,,,29.77842149,,,,,,,,
Qatar,QAT,Rural land area where elevation is below 5 meters (% of total land area),AG.LND.EL5M.RU.ZS,,,,,,,,,,,,,,,,,,,,,,,,,,,,,,,11.32287618,,,,,,,,,,11.17857878,,,,,,,,,,,,,,,10.65004701,,,,,,,,
Romania,ROU,Rural land area where elevation is below 5 meters (% of total land area),AG.LND.EL5M.RU.ZS,,,,,,,,,,,,,,,,,,,,,,,,,,,,,,,1.373189385,,,,,,,,,,1.373557306,,,,,,,,,,,,,,,1.373998768,,,,,,,,
Russian Federation,RUS,Rural land area where elevation is below 5 meters (% of total land area),AG.LND.EL5M.RU.ZS,,,,,,,,,,,,,,,,,,,,,,,,,,,,,,,0.671117162,,,,,,,,,,0.670990595,,,,,,,,,,,,,,,0.671016995,,,,,,,,
Rwanda,RWA,Rural land area where elevation is below 5 meters (% of total land area),AG.LND.EL5M.RU.ZS,,,,,,,,,,,,,,,,,,,,,,,,,,,,,,,0,,,,,,,,,,0,,,,,,,,,,,,,,,0,,,,,,,,
South Asia,SAS,Rural land area where elevation is below 5 meters (% of total land area),AG.LND.EL5M.RU.ZS,,,,,,,,,,,,,,,,,,,,,,,,,,,,,,,1.241104159,,,,,,,,,,1.214532645,,,,,,,,,,,,,,,1.186175514,,,,,,,,
Saudi Arabia,SAU,Rural land area where elevation is below 5 meters (% of total land area),AG.LND.EL5M.RU.ZS,,,,,,,,,,,,,,,,,,,,,,,,,,,,,,,0.367182796,,,,,,,,,,0.364655105,,,,,,,,,,,,,,,0.360796481,,,,,,,,
Sudan,SDN,Rural land area where elevation is below 5 meters (% of total land area),AG.LND.EL5M.RU.ZS,,,,,,,,,,,,,,,,,,,,,,,,,,,,,,,0.082968537,,,,,,,,,,0.082741515,,,,,,,,,,,,,,,0.082430471,,,,,,,,
Senegal,SEN,Rural land area where elevation is below 5 meters (% of total land area),AG.LND.EL5M.RU.ZS,,,,,,,,,,,,,,,,,,,,,,,,,,,,,,,4.300454709,,,,,,,,,,4.28886935,,,,,,,,,,,,,,,4.26414073,,,,,,,,
Singapore,SGP,Rural land area where elevation is below 5 meters (% of total land area),AG.LND.EL5M.RU.ZS,,,,,,,,,,,,,,,,,,,,,,,,,,,,,,,7.319534061,,,,,,,,,,6.943379072,,,,,,,,,,,,,,,6.596204072,,,,,,,,
Solomon Islands,SLB,Rural land area where elevation is below 5 meters (% of total land area),AG.LND.EL5M.RU.ZS,,,,,,,,,,,,,,,,,,,,,,,,,,,,,,,7.285024269,,,,,,,,,,7.27595633,,,,,,,,,,,,,,,7.263445171,,,,,,,,
Sierra Leone,SLE,Rural land area where elevation is below 5 meters (% of total land area),AG.LND.EL5M.RU.ZS,,,,,,,,,,,,,,,,,,,,,,,,,,,,,,,5.227365546,,,,,,,,,,5.223804816,,,,,,,,,,,,,,,5.203343067,,,,,,,,
El Salvador,SLV,Rural land area where elevation is below 5 meters (% of total land area),AG.LND.EL5M.RU.ZS,,,,,,,,,,,,,,,,,,,,,,,,,,,,,,,3.587528696,,,,,,,,,,3.568212508,,,,,,,,,,,,,,,3.557962053,,,,,,,,
San Marino,SMR,Rural land area where elevation is below 5 meters (% of total land area),AG.LND.EL5M.RU.ZS,,,,,,,,,,,,,,,,,,,,,,,,,,,,,,,0,,,,,,,,,,0,,,,,,,,,,,,,,,0,,,,,,,,
Somalia,SOM,Rural land area where elevation is below 5 meters (% of total land area),AG.LND.EL5M.RU.ZS,,,,,,,,,,,,,,,,,,,,,,,,,,,,,,,0.236239696,,,,,,,,,,0.236239696,,,,,,,,,,,,,,,0.235993423,,,,,,,,
Serbia,SRB,Rural land area where elevation is below 5 meters (% of total land area),AG.LND.EL5M.RU.ZS,,,,,,,,,,,,,,,,,,,,,,,,,,,,,,,0,,,,,,,,,,0,,,,,,,,,,,,,,,0,,,,,,,,
Sub-Saharan Africa (excluding high income),SSA,Rural land area where elevation is below 5 meters (% of total land area),AG.LND.EL5M.RU.ZS,,,,,,,,,,,,,,,,,,,,,,,,,,,,,,,0.421116172,,,,,,,,,,0.424946629,,,,,,,,,,,,,,,0.41643347,,,,,,,,
South Sudan,SSD,Rural land area where elevation is below 5 meters (% of total land area),AG.LND.EL5M.RU.ZS,,,,,,,,,,,,,,,,,,,,,,,,,,,,,,,0,,,,,,,,,,0,,,,,,,,,,,,,,,0,,,,,,,,
Sub-Saharan Africa,SSF,Rural land area where elevation is below 5 meters (% of total land area),AG.LND.EL5M.RU.ZS,,,,,,,,,,,,,,,,,,,,,,,,,,,,,,,0.421602435,,,,,,,,,,0.425431377,,,,,,,,,,,,,,,0.416908127,,,,,,,,
Small states,SST,Rural land area where elevation is below 5 meters (% of total land area),AG.LND.EL5M.RU.ZS,,,,,,,,,,,,,,,,,,,,,,,,,,,,,,,2.160261514,,,,,,,,,,2.160201742,,,,,,,,,,,,,,,2.152936611,,,,,,,,
Sao Tome and Principe,STP,Rural land area where elevation is below 5 meters (% of total land area),AG.LND.EL5M.RU.ZS,,,,,,,,,,,,,,,,,,,,,,,,,,,,,,,3.293695161,,,,,,,,,,3.287954121,,,,,,,,,,,,,,,3.28856703,,,,,,,,
Suriname,SUR,Rural land area where elevation is below 5 meters (% of total land area),AG.LND.EL5M.RU.ZS,,,,,,,,,,,,,,,,,,,,,,,,,,,,,,,6.281078508,,,,,,,,,,6.251529464,,,,,,,,,,,,,,,6.213732382,,,,,,,,
Slovak Republic,SVK,Rural land area where elevation is below 5 meters (% of total land area),AG.LND.EL5M.RU.ZS,,,,,,,,,,,,,,,,,,,,,,,,,,,,,,,0,,,,,,,,,,0,,,,,,,,,,,,,,,0,,,,,,,,
Slovenia,SVN,Rural land area where elevation is below 5 meters (% of total land area),AG.LND.EL5M.RU.ZS,,,,,,,,,,,,,,,,,,,,,,,,,,,,,,,0.048780551,,,,,,,,,,0.048780551,,,,,,,,,,,,,,,0.04497115,,,,,,,,
Sweden,SWE,Rural land area where elevation is below 5 meters (% of total land area),AG.LND.EL5M.RU.ZS,,,,,,,,,,,,,,,,,,,,,,,,,,,,,,,0.935907595,,,,,,,,,,0.933667958,,,,,,,,,,,,,,,0.929915299,,,,,,,,
Eswatini,SWZ,Rural land area where elevation is below 5 meters (% of total land area),AG.LND.EL5M.RU.ZS,,,,,,,,,,,,,,,,,,,,,,,,,,,,,,,0,,,,,,,,,,0,,,,,,,,,,,,,,,0,,,,,,,,
Sint Maarten (Dutch part),SXM,Rural land area where elevation is below 5 meters (% of total land area),AG.LND.EL5M.RU.ZS,,,,,,,,,,,,,,,,,,,,,,,,,,,,,,,13.88880281,,,,,,,,,,12.14143122,,,,,,,,,,,,,,,8.046458092,,,,,,,,
Seychelles,SYC,Rural land area where elevation is below 5 meters (% of total land area),AG.LND.EL5M.RU.ZS,,,,,,,,,,,,,,,,,,,,,,,,,,,,,,,25.38692362,,,,,,,,,,25.31297256,,,,,,,,,,,,,,,25.0685933,,,,,,,,
Syrian Arab Republic,SYR,Rural land area where elevation is below 5 meters (% of total land area),AG.LND.EL5M.RU.ZS,,,,,,,,,,,,,,,,,,,,,,,,,,,,,,,0.017830666,,,,,,,,,,0.016721978,,,,,,,,,,,,,,,0.016729451,,,,,,,,
Turks and Caicos Islands,TCA,Rural land area where elevation is below 5 meters (% of total land area),AG.LND.EL5M.RU.ZS,,,,,,,,,,,,,,,,,,,,,,,,,,,,,,,63.31447559,,,,,,,,,,63.13509578,,,,,,,,,,,,,,,62.87372224,,,,,,,,
Chad,TCD,Rural land area where elevation is below 5 meters (% of total land area),AG.LND.EL5M.RU.ZS,,,,,,,,,,,,,,,,,,,,,,,,,,,,,,,0,,,,,,,,,,0,,,,,,,,,,,,,,,0,,,,,,,,
East Asia & Pacific (IDA & IBRD countries),TEA,Rural land area where elevation is below 5 meters (% of total land area),AG.LND.EL5M.RU.ZS,,,,,,,,,,,,,,,,,,,,,,,,,,,,,,,2.167330704,,,,,,,,,,2.11908515,,,,,,,,,,,,,,,2.058678822,,,,,,,,
Europe & Central Asia (IDA & IBRD countries),TEC,Rural land area where elevation is below 5 meters (% of total land area),AG.LND.EL5M.RU.ZS,,,,,,,,,,,,,,,,,,,,,,,,,,,,,,,0.554957581,,,,,,,,,,0.554176103,,,,,,,,,,,,,,,0.553693352,,,,,,,,
Togo,TGO,Rural land area where elevation is below 5 meters (% of total land area),AG.LND.EL5M.RU.ZS,,,,,,,,,,,,,,,,,,,,,,,,,,,,,,,0.359671756,,,,,,,,,,0.351472153,,,,,,,,,,,,,,,0.3481321,,,,,,,,
Thailand,THA,Rural land area where elevation is below 5 meters (% of total land area),AG.LND.EL5M.RU.ZS,,,,,,,,,,,,,,,,,,,,,,,,,,,,,,,3.820673612,,,,,,,,,,3.644516145,,,,,,,,,,,,,,,3.455507691,,,,,,,,
Tajikistan,TJK,Rural land area where elevation is below 5 meters (% of total land area),AG.LND.EL5M.RU.ZS,,,,,,,,,,,,,,,,,,,,,,,,,,,,,,,0,,,,,,,,,,0,,,,,,,,,,,,,,,0,,,,,,,,
Turkmenistan,TKM,Rural land area where elevation is below 5 meters (% of total land area),AG.LND.EL5M.RU.ZS,,,,,,,,,,,,,,,,,,,,,,,,,,,,,,,0,,,,,,,,,,0,,,,,,,,,,,,,,,0,,,,,,,,
Latin America & the Caribbean (IDA & IBRD countries),TLA,Rural land area where elevation is below 5 meters (% of total land area),AG.LND.EL5M.RU.ZS,,,,,,,,,,,,,,,,,,,,,,,,,,,,,,,1.146250283,,,,,,,,,,1.143453314,,,,,,,,,,,,,,,1.140398935,,,,,,,,
Timor-Leste,TLS,Rural land area where elevation is below 5 meters (% of total land area),AG.LND.EL5M.RU.ZS,,,,,,,,,,,,,,,,,,,,,,,,,,,,,,,1.539480607,,,,,,,,,,1.521934127,,,,,,,,,,,,,,,1.515745387,,,,,,,,
Middle East & North Africa (IDA & IBRD countries),TMN,Rural land area where elevation is below 5 meters (% of total land area),AG.LND.EL5M.RU.ZS,,,,,,,,,,,,,,,,,,,,,,,,,,,,,,,0.583388274,,,,,,,,,,0.573061559,,,,,,,,,,,,,,,0.560674724,,,,,,,,
Tonga,TON,Rural land area where elevation is below 5 meters (% of total land area),AG.LND.EL5M.RU.ZS,,,,,,,,,,,,,,,,,,,,,,,,,,,,,,,16.59570328,,,,,,,,,,16.68949,,,,,,,,,,,,,,,16.68949,,,,,,,,
South Asia (IDA & IBRD),TSA,Rural land area where elevation is below 5 meters (% of total land area),AG.LND.EL5M.RU.ZS,,,,,,,,,,,,,,,,,,,,,,,,,,,,,,,1.241104159,,,,,,,,,,1.214532645,,,,,,,,,,,,,,,1.186175514,,,,,,,,
Sub-Saharan Africa (IDA & IBRD countries),TSS,Rural land area where elevation is below 5 meters (% of total land area),AG.LND.EL5M.RU.ZS,,,,,,,,,,,,,,,,,,,,,,,,,,,,,,,0.421602435,,,,,,,,,,0.425431377,,,,,,,,,,,,,,,0.416908127,,,,,,,,
Trinidad and Tobago,TTO,Rural land area where elevation is below 5 meters (% of total land area),AG.LND.EL5M.RU.ZS,,,,,,,,,,,,,,,,,,,,,,,,,,,,,,,6.557667224,,,,,,,,,,6.461151971,,,,,,,,,,,,,,,6.301599122,,,,,,,,
Tunisia,TUN,Rural land area where elevation is below 5 meters (% of total land area),AG.LND.EL5M.RU.ZS,,,,,,,,,,,,,,,,,,,,,,,,,,,,,,,1.291921123,,,,,,,,,,1.2755383,,,,,,,,,,,,,,,1.256979615,,,,,,,,
Turkiye,TUR,Rural land area where elevation is below 5 meters (% of total land area),AG.LND.EL5M.RU.ZS,,,,,,,,,,,,,,,,,,,,,,,,,,,,,,,0.511145004,,,,,,,,,,0.499787022,,,,,,,,,,,,,,,0.48906245,,,,,,,,
Tuvalu,TUV,Rural land area where elevation is below 5 meters (% of total land area),AG.LND.EL5M.RU.ZS,,,,,,,,,,,,,,,,,,,,,,,,,,,,,,,68.01713143,,,,,,,,,,68.01713143,,,,,,,,,,,,,,,68.01713143,,,,,,,,
Tanzania,TZA,Rural land area where elevation is below 5 meters (% of total land area),AG.LND.EL5M.RU.ZS,,,,,,,,,,,,,,,,,,,,,,,,,,,,,,,0.170787277,,,,,,,,,,0.169845548,,,,,,,,,,,,,,,0.169125614,,,,,,,,
Uganda,UGA,Rural land area where elevation is below 5 meters (% of total land area),AG.LND.EL5M.RU.ZS,,,,,,,,,,,,,,,,,,,,,,,,,,,,,,,0,,,,,,,,,,0,,,,,,,,,,,,,,,0,,,,,,,,
Ukraine,UKR,Rural land area where elevation is below 5 meters (% of total land area),AG.LND.EL5M.RU.ZS,,,,,,,,,,,,,,,,,,,,,,,,,,,,,,,0.781073292,,,,,,,,,,0.781852467,,,,,,,,,,,,,,,0.782782242,,,,,,,,
Upper middle income,UMC,Rural land area where elevation is below 5 meters (% of total land area),AG.LND.EL5M.RU.ZS,,,,,,,,,,,,,,,,,,,,,,,,,,,,,,,0.831525402,,,,,,,,,,0.817345209,,,,,,,,,,,,,,,0.801095575,,,,,,,,
Uruguay,URY,Rural land area where elevation is below 5 meters (% of total land area),AG.LND.EL5M.RU.ZS,,,,,,,,,,,,,,,,,,,,,,,,,,,,,,,0.592140588,,,,,,,,,,0.587098818,,,,,,,,,,,,,,,0.584311392,,,,,,,,
United States,USA,Rural land area where elevation is below 5 meters (% of total land area),AG.LND.EL5M.RU.ZS,,,,,,,,,,,,,,,,,,,,,,,,,,,,,,,1.41284603,,,,,,,,,,1.407312489,,,,,,,,,,,,,,,1.400353404,,,,,,,,
Uzbekistan,UZB,Rural land area where elevation is below 5 meters (% of total land area),AG.LND.EL5M.RU.ZS,,,,,,,,,,,,,,,,,,,,,,,,,,,,,,,0,,,,,,,,,,0,,,,,,,,,,,,,,,0,,,,,,,,
St. Vincent and the Grenadines,VCT,Rural land area where elevation is below 5 meters (% of total land area),AG.LND.EL5M.RU.ZS,,,,,,,,,,,,,,,,,,,,,,,,,,,,,,,7.028920569,,,,,,,,,,6.962192669,,,,,,,,,,,,,,,6.936495717,,,,,,,,
"Venezuela, RB",VEN,Rural land area where elevation is below 5 meters (% of total land area),AG.LND.EL5M.RU.ZS,,,,,,,,,,,,,,,,,,,,,,,,,,,,,,,1.538469706,,,,,,,,,,1.534994689,,,,,,,,,,,,,,,1.530476328,,,,,,,,
British Virgin Islands,VGB,Rural land area where elevation is below 5 meters (% of total land area),AG.LND.EL5M.RU.ZS,,,,,,,,,,,,,,,,,,,,,,,,,,,,,,,41.88600151,,,,,,,,,,41.19091134,,,,,,,,,,,,,,,40.58439562,,,,,,,,
Virgin Islands (U.S.),VIR,Rural land area where elevation is below 5 meters (% of total land area),AG.LND.EL5M.RU.ZS,,,,,,,,,,,,,,,,,,,,,,,,,,,,,,,12.95062059,,,,,,,,,,12.65928677,,,,,,,,,,,,,,,12.48533364,,,,,,,,
Viet Nam,VNM,Rural land area where elevation is below 5 meters (% of total land area),AG.LND.EL5M.RU.ZS,,,,,,,,,,,,,,,,,,,,,,,,,,,,,,,13.13360575,,,,,,,,,,12.58175646,,,,,,,,,,,,,,,12.25355302,,,,,,,,
Vanuatu,VUT,Rural land area where elevation is below 5 meters (% of total land area),AG.LND.EL5M.RU.ZS,,,,,,,,,,,,,,,,,,,,,,,,,,,,,,,4.204812632,,,,,,,,,,4.193770729,,,,,,,,,,,,,,,4.178582573,,,,,,,,
World,WLD,Rural land area where elevation is below 5 meters (% of total land area),AG.LND.EL5M.RU.ZS,,,,,,,,,,,,,,,,,,,,,,,,,,,,,,,1.01806987,,,,,,,,,,1.011758255,,,,,,,,,,,,,,,0.997379483,,,,,,,,
Samoa,WSM,Rural land area where elevation is below 5 meters (% of total land area),AG.LND.EL5M.RU.ZS,,,,,,,,,,,,,,,,,,,,,,,,,,,,,,,2.070774971,,,,,,,,,,2.059896945,,,,,,,,,,,,,,,1.991340148,,,,,,,,
Kosovo,XKX,Rural land area where elevation is below 5 meters (% of total land area),AG.LND.EL5M.RU.ZS,,,,,,,,,,,,,,,,,,,,,,,,,,,,,,,,,,,,,,,,,,,,,,,,,,,,,,,,,,,,,,,,
"Yemen, Rep.",YEM,Rural land area where elevation is below 5 meters (% of total land area),AG.LND.EL5M.RU.ZS,,,,,,,,,,,,,,,,,,,,,,,,,,,,,,,0.379597467,,,,,,,,,,0.377256008,,,,,,,,,,,,,,,0.373105422,,,,,,,,
South Africa,ZAF,Rural land area where elevation is below 5 meters (% of total land area),AG.LND.EL5M.RU.ZS,,,,,,,,,,,,,,,,,,,,,,,,,,,,,,,0.108752696,,,,,,,,,,0.107651739,,,,,,,,,,,,,,,0.106017277,,,,,,,,
Zambia,ZMB,Rural land area where elevation is below 5 meters (% of total land area),AG.LND.EL5M.RU.ZS,,,,,,,,,,,,,,,,,,,,,,,,,,,,,,,0,,,,,,,,,,0,,,,,,,,,,,,,,,0,,,,,,,,
Zimbabwe,ZWE,Rural land area where elevation is below 5 meters (% of total land area),AG.LND.EL5M.RU.ZS,,,,,,,,,,,,,,,,,,,,,,,,,,,,,,,0,,,,,,,,,,0,,,,,,,,,,,,,,,0,,,,,,,,
